"","rss","tss","rsq","sla"
"1",827422.697804061,217610.994614738,-2.80230189779218,"SLA mean"
"2",13498510.201076,88611.9919879334,-151.332770071506,"SLA StDev"
